id_registro;fecha;clase_amenaza;subclase_amenaza;severidad;estado;fonte_deteccion;ubicacion
1;05-07-19;Malware;Adware;Media;Bloqueado;Antivirus;Quito
2;12-07-19;Confiable;N/A;Baja;Permitido;Firewall;Guayaquil
3;18-07-19;Archivo_No_Disponible;N/A;Baja;Permitido;Sistema;Cuenca
4;23-07-19;PUP;Barra_herramientas;Media;Bloqueado;Antivirus;Loja
5;02-08-19;Malware;Troyano;Alta;Bloqueado;Antivirus;Riobamba
6;07-08-19;Posible_PUP;Barra_herramientas;Baja;Cuarentena;Antivirus;Quito
7;14-08-19;Malware;Adware;Media;Bloqueado;Firewall;Guayaquil
8;19-08-19;Confiable;N/A;Baja;Permitido;Sistema;Cuenca
9;25-08-19;PUP;Portable;Media;Bloqueado;Antivirus;Loja
10;30-08-19;Archivo_No_Disponible;N/A;Baja;Permitido;Firewall;Riobamba
11;03-09-19;Malware;Spyware;Alta;Bloqueado;Antivirus;Quito
12;08-09-19;Confiable;N/A;Baja;Permitido;Sistema;Guayaquil
13;12-09-19;Posible_PUP;Adware;Baja;Cuarentena;Antivirus;Cuenca
14;17-09-19;Malware;Keygen;Media;Bloqueado;Firewall;Loja
15;23-09-19;PUP;Barra_herramientas;Media;Bloqueado;Antivirus;Riobamba
16;28-09-19;Archivo_No_Disponible;N/A;Baja;Permitido;Sistema;Quito
17;04-10-19;Confiable;N/A;Baja;Permitido;Firewall;Guayaquil
18;09-10-19;Malware;Exploit;Alta;Bloqueado;Antivirus;Cuenca
19;15-10-19;Posible_PUP;Barra_herramientas;Baja;Cuarentena;Sistema;Loja
20;21-10-19;PUP;Portable;Media;Bloqueado;Antivirus;Riobamba
21;26-10-19;Archivo_No_Disponible;N/A;Baja;Permitido;Firewall;Quito
22;02-11-19;Confiable;N/A;Baja;Permitido;Antivirus;Guayaquil
23;08-11-19;Malware;Adware;Media;Bloqueado;Sistema;Cuenca
24;14-11-19;PUP;Barra_herramientas;Media;Bloqueado;Antivirus;Loja
25;19-11-19;Posible_PUP;Adware;Baja;Cuarentena;Firewall;Riobamba
26;25-11-19;Archivo_No_Disponible;N/A;Baja;Permitido;Sistema;Quito
27;01-12-19;Confiable;N/A;Baja;Permitido;Antivirus;Guayaquil
28;07-12-19;Malware;Troyano;Alta;Bloqueado;Firewall;Cuenca
29;13-12-19;PUP;Portable;Media;Bloqueado;Antivirus;Loja
30;18-12-19;Posible_PUP;Barra_herramientas;Baja;Cuarentena;Sistema;Riobamba
31;24-12-19;Archivo_No_Disponible;N/A;Baja;Permitido;Antivirus;Quito
32;02-01-20;Malware;Ransomware;Critica;Bloqueado;Antivirus;Guayaquil
33;03-01-20;Malware;Troyano;Alta;Bloqueado;Firewall;Cuenca
34;05-01-20;PUP;Barra_herramientas;Media;Bloqueado;Sistema;Loja
35;06-01-20;Confiable;N/A;Baja;Permitido;Antivirus;Riobamba
36;08-01-20;Malware;Adware;Media;Bloqueado;Firewall;Quito
37;09-01-20;Posible_PUP;Adware;Baja;Cuarentena;Antivirus;Guayaquil
38;11-01-20;Malware;Spyware;Alta;Bloqueado;Sistema;Cuenca
39;12-01-20;Archivo_No_Disponible;N/A;Baja;Permitido;Firewall;Loja
40;14-01-20;PUP;Portable;Media;Bloqueado;Antivirus;Riobamba
41;15-01-20;Malware;Keygen;Media;Bloqueado;Sistema;Quito
42;17-01-20;Confiable;N/A;Baja;Permitido;Antivirus;Guayaquil
43;18-01-20;Malware;Exploit;Alta;Bloqueado;Firewall;Cuenca
44;20-01-20;Posible_PUP;Barra_herramientas;Baja;Cuarentena;Sistema;Loja
45;21-01-20;PUP;Barra_herramientas;Media;Bloqueado;Antivirus;Riobamba
46;23-01-20;Malware;Troyano;Alta;Bloqueado;Firewall;Quito
47;24-01-20;Archivo_No_Disponible;N/A;Baja;Permitido;Antivirus;Guayaquil
48;26-01-20;Confiable;N/A;Baja;Permitido;Sistema;Cuenca
49;27-01-20;Malware;Adware;Media;Bloqueado;Firewall;Loja
50;29-01-20;PUP;Portable;Media;Bloqueado;Antivirus;Riobamba
51;30-01-20;Posible_PUP;Adware;Baja;Cuarentena;Sistema;Quito
52;31-01-20;Malware;Ransomware;Critica;Bloqueado;Antivirus;Guayaquil
53;02-02-20;Confiable;N/A;Baja;Permitido;Firewall;Cuenca
54;04-02-20;Malware;Spyware;Alta;Bloqueado;Sistema;Loja
55;06-02-20;PUP;Barra_herramientas;Media;Bloqueado;Antivirus;Riobamba
56;08-02-20;Archivo_No_Disponible;N/A;Baja;Permitido;Firewall;Quito
57;10-02-20;Posible_PUP;Barra_herramientas;Baja;Cuarentena;Antivirus;Guayaquil
58;12-02-20;Malware;Troyano;Alta;Bloqueado;Sistema;Cuenca
59;14-02-20;Confiable;N/A;Baja;Permitido;Antivirus;Loja
60;16-02-20;PUP;Portable;Media;Bloqueado;Firewall;Riobamba
61;18-02-20;Malware;Adware;Media;Bloqueado;Sistema;Quito
62;20-02-20;Archivo_No_Disponible;N/A;Baja;Permitido;Antivirus;Guayaquil
63;22-02-20;Posible_PUP;Adware;Baja;Cuarentena;Firewall;Cuenca
64;24-02-20;Malware;Keygen;Media;Bloqueado;Sistema;Loja
65;26-02-20;PUP;Barra_herramientas;Media;Bloqueado;Antivirus;Riobamba
66;28-02-20;Confiable;N/A;Baja;Permitido;Firewall;Quito
67;02-03-20;Malware;Exploit;Alta;Bloqueado;Antivirus;Guayaquil
68;04-03-20;Archivo_No_Disponible;N/A;Baja;Permitido;Sistema;Cuenca
69;06-03-20;Posible_PUP;Barra_herramientas;Baja;Cuarentena;Antivirus;Loja
70;08-03-20;PUP;Portable;Media;Bloqueado;Firewall;Riobamba
71;10-03-20;Malware;Troyano;Alta;Bloqueado;Sistema;Quito
72;12-03-20;Confiable;N/A;Baja;Permitido;Antivirus;Guayaquil
73;14-03-20;Malware;Adware;Media;Bloqueado;Firewall;Cuenca
74;16-03-20;Archivo_No_Disponible;N/A;Baja;Permitido;Sistema;Loja
75;18-03-20;PUP;Barra_herramientas;Media;Bloqueado;Antivirus;Riobamba
76;20-03-20;Posible_PUP;Adware;Baja;Cuarentena;Firewall;Quito
77;22-03-20;Malware;Spyware;Alta;Bloqueado;Sistema;Guayaquil
78;24-03-20;Confiable;N/A;Baja;Permitido;Antivirus;Cuenca
79;26-03-20;PUP;Portable;Media;Bloqueado;Firewall;Loja
80;28-03-20;Archivo_No_Disponible;N/A;Baja;Permitido;Sistema;Riobamba
81;30-03-20;Malware;Keygen;Media;Bloqueado;Antivirus;Quito
82;01-04-20;Posible_PUP;Barra_herramientas;Baja;Cuarentena;Firewall;Guayaquil
83;03-04-20;Confiable;N/A;Baja;Permitido;Sistema;Cuenca
84;05-04-20;Malware;Troyano;Alta;Bloqueado;Antivirus;Loja
85;07-04-20;PUP;Barra_herramientas;Media;Bloqueado;Firewall;Riobamba
86;09-04-20;Archivo_No_Disponible;N/A;Baja;Permitido;Sistema;Quito
87;11-04-20;Malware;Adware;Media;Bloqueado;Antivirus;Guayaquil
88;13-04-20;Posible_PUP;Adware;Baja;Cuarentena;Firewall;Cuenca
89;15-04-20;Confiable;N/A;Baja;Permitido;Sistema;Loja
90;17-04-20;PUP;Portable;Media;Bloqueado;Antivirus;Riobamba
91;19-04-20;Malware;Exploit;Alta;Bloqueado;Firewall;Quito
92;21-04-20;Archivo_No_Disponible;N/A;Baja;Permitido;Sistema;Guayaquil
93;23-04-20;Posible_PUP;Barra_herramientas;Baja;Cuarentena;Antivirus;Cuenca
94;25-04-20;Malware;Spyware;Alta;Bloqueado;Firewall;Loja
95;27-04-20;PUP;Barra_herramientas;Media;Bloqueado;Sistema;Riobamba
96;29-04-20;Confiable;N/A;Baja;Permitido;Antivirus;Quito
97;01-05-20;Malware;Troyano;Alta;Bloqueado;Firewall;Guayaquil
98;03-05-20;Archivo_No_Disponible;N/A;Baja;Permitido;Sistema;Cuenca
99;05-05-20;PUP;Portable;Media;Bloqueado;Antivirus;Loja
100;07-05-20;Posible_PUP;Adware;Baja;Cuarentena;Firewall;Riobamba
101;09-05-20;Malware;Adware;Media;Bloqueado;Sistema;Quito
102;11-05-20;Confiable;N/A;Baja;Permitido;Antivirus;Guayaquil
103;13-05-20;PUP;Barra_herramientas;Media;Bloqueado;Firewall;Cuenca
104;15-05-20;Archivo_No_Disponible;N/A;Baja;Permitido;Sistema;Loja
105;17-05-20;Malware;Keygen;Media;Bloqueado;Antivirus;Riobamba
106;19-05-20;Posible_PUP;Barra_herramientas;Baja;Cuarentena;Firewall;Quito
107;21-05-20;Confiable;N/A;Baja;Permitido;Sistema;Guayaquil
108;23-05-20;Malware;Spyware;Alta;Bloqueado;Antivirus;Cuenca
109;25-05-20;PUP;Portable;Media;Bloqueado;Firewall;Loja
110;27-05-20;Archivo_No_Disponible;N/A;Baja;Permitido;Sistema;Riobamba
111;29-05-20;Posible_PUP;Adware;Baja;Cuarentena;Antivirus;Quito
112;31-05-20;Malware;Troyano;Alta;Bloqueado;Firewall;Guayaquil
113;02-06-20;Confiable;N/A;Baja;Permitido;Sistema;Cuenca
114;04-06-20;PUP;Barra_herramientas;Media;Bloqueado;Antivirus;Loja
115;06-06-20;Malware;Adware;Media;Bloqueado;Firewall;Riobamba
116;08-06-20;Archivo_No_Disponible;N/A;Baja;Permitido;Sistema;Quito
117;10-06-20;Posible_PUP;Barra_herramientas;Baja;Cuarentena;Antivirus;Guayaquil
118;12-06-20;Malware;Exploit;Alta;Bloqueado;Firewall;Cuenca
119;14-06-20;PUP;Portable;Media;Bloqueado;Sistema;Loja
120;16-06-20;Confiable;N/A;Baja;Permitido;Antivirus;Riobamba
121;18-06-20;Malware;Spyware;Alta;Bloqueado;Firewall;Quito
122;20-06-20;Archivo_No_Disponible;N/A;Baja;Permitido;Sistema;Guayaquil
123;22-06-20;PUP;Barra_herramientas;Media;Bloqueado;Antivirus;Cuenca
124;24-06-20;Posible_PUP;Adware;Baja;Cuarentena;Firewall;Loja
125;26-06-20;Malware;Troyano;Alta;Bloqueado;Sistema;Riobamba
126;28-06-20;Confiable;N/A;Baja;Permitido;Antivirus;Quito
127;30-06-20;PUP;Portable;Media;Bloqueado;Firewall;Guayaquil
128;02-07-20;Malware;Keygen;Media;Bloqueado;Sistema;Cuenca
129;04-07-20;Archivo_No_Disponible;N/A;Baja;Permitido;Antivirus;Loja
130;06-07-20;Posible_PUP;Barra_herramientas;Baja;Cuarentena;Firewall;Riobamba
131;08-07-20;Confiable;N/A;Baja;Permitido;Sistema;Quito
132;10-07-20;Malware;Adware;Media;Bloqueado;Antivirus;Guayaquil
133;12-07-20;PUP;Barra_herramientas;Media;Bloqueado;Firewall;Cuenca
134;14-07-20;Archivo_No_Disponible;N/A;Baja;Permitido;Sistema;Loja
135;16-07-20;Malware;Troyano;Alta;Bloqueado;Antivirus;Riobamba
136;18-07-20;Posible_PUP;Adware;Baja;Cuarentena;Firewall;Quito
137;20-07-20;PUP;Portable;Media;Bloqueado;Sistema;Guayaquil
138;22-07-20;Confiable;N/A;Baja;Permitido;Antivirus;Cuenca
139;24-07-20;Malware;Spyware;Alta;Bloqueado;Firewall;Loja
140;26-07-20;Archivo_No_Disponible;N/A;Baja;Permitido;Sistema;Riobamba
141;28-07-20;PUP;Barra_herramientas;Media;Bloqueado;Antivirus;Quito
142;30-07-20;Posible_PUP;Barra_herramientas;Baja;Cuarentena;Firewall;Guayaquil
143;01-08-20;Malware;Exploit;Alta;Bloqueado;Sistema;Cuenca
144;03-08-20;Confiable;N/A;Baja;Permitido;Antivirus;Loja
145;05-08-20;PUP;Portable;Media;Bloqueado;Firewall;Riobamba
146;07-08-20;Archivo_No_Disponible;N/A;Baja;Permitido;Sistema;Quito
147;09-08-20;Malware;Adware;Media;Bloqueado;Antivirus;Guayaquil
148;11-08-20;Posible_PUP;Adware;Baja;Cuarentena;Firewall;Cuenca
149;13-08-20;PUP;Barra_herramientas;Media;Bloqueado;Sistema;Loja
150;15-08-20;Malware;Troyano;Alta;Bloqueado;Antivirus;Riobamba
151;17-08-20;Confiable;N/A;Baja;Permitido;Firewall;Quito
152;19-08-20;Archivo_No_Disponible;N/A;Baja;Permitido;Sistema;Guayaquil
153;21-08-20;PUP;Portable;Media;Bloqueado;Antivirus;Cuenca
154;23-08-20;Posible_PUP;Barra_herramientas;Baja;Cuarentena;Firewall;Loja
155;25-08-20;Malware;Keygen;Media;Bloqueado;Sistema;Riobamba
156;27-08-20;Confiable;N/A;Baja;Permitido;Antivirus;Quito
157;29-08-20;PUP;Barra_herramientas;Media;Bloqueado;Firewall;Guayaquil
158;31-08-20;Malware;Spyware;Alta;Bloqueado;Sistema;Cuenca
159;02-09-20;Archivo_No_Disponible;N/A;Baja;Permitido;Antivirus;Loja
160;04-09-20;Posible_PUP;Adware;Baja;Cuarentena;Firewall;Riobamba
161;06-09-20;PUP;Portable;Media;Bloqueado;Sistema;Quito
162;08-09-20;Malware;Troyano;Alta;Bloqueado;Antivirus;Guayaquil
163;10-09-20;Confiable;N/A;Baja;Permitido;Firewall;Cuenca
164;12-09-20;Archivo_No_Disponible;N/A;Baja;Permitido;Sistema;Loja
165;14-09-20;PUP;Barra_herramientas;Media;Bloqueado;Antivirus;Riobamba
166;16-09-20;Malware;Adware;Media;Bloqueado;Firewall;Quito
167;18-09-20;Posible_PUP;Barra_herramientas;Baja;Cuarentena;Sistema;Guayaquil
168;20-09-20;Confiable;N/A;Baja;Permitido;Antivirus;Cuenca
169;22-09-20;Malware;Exploit;Alta;Bloqueado;Firewall;Loja
170;24-09-20;PUP;Portable;Media;Bloqueado;Sistema;Riobamba
171;26-09-20;Archivo_No_Disponible;N/A;Baja;Permitido;Antivirus;Quito
172;28-09-20;Posible_PUP;Adware;Baja;Cuarentena;Firewall;Guayaquil
173;30-09-20;Malware;Spyware;Alta;Bloqueado;Sistema;Cuenca
174;02-10-20;Confiable;N/A;Baja;Permitido;Antivirus;Loja
175;04-10-20;PUP;Barra_herramientas;Media;Bloqueado;Firewall;Riobamba
176;06-10-20;Malware;Troyano;Alta;Bloqueado;Sistema;Quito
177;08-10-20;Archivo_No_Disponible;N/A;Baja;Permitido;Antivirus;Guayaquil
178;10-10-20;PUP;Portable;Media;Bloqueado;Firewall;Cuenca
179;12-10-20;Posible_PUP;Barra_herramientas;Baja;Cuarentena;Sistema;Loja
180;14-10-20;Malware;Keygen;Media;Bloqueado;Antivirus;Riobamba
181;16-10-20;Confiable;N/A;Baja;Permitido;Firewall;Quito
182;18-10-20;PUP;Barra_herramientas;Media;Bloqueado;Sistema;Guayaquil
183;20-10-20;Malware;Adware;Media;Bloqueado;Antivirus;Cuenca
184;22-10-20;Archivo_No_Disponible;N/A;Baja;Permitido;Firewall;Loja
185;24-10-20;Posible_PUP;Adware;Baja;Cuarentena;Sistema;Riobamba
186;26-10-20;Confiable;N/A;Baja;Permitido;Antivirus;Quito
187;28-10-20;Malware;Spyware;Alta;Bloqueado;Firewall;Guayaquil
188;30-10-20;PUP;Portable;Media;Bloqueado;Sistema;Cuenca
189;01-11-20;Archivo_No_Disponible;N/A;Baja;Permitido;Antivirus;Loja
190;03-11-20;Malware;Troyano;Alta;Bloqueado;Firewall;Riobamba
191;05-11-20;Posible_PUP;Barra_herramientas;Baja;Cuarentena;Sistema;Quito
192;07-11-20;PUP;Barra_herramientas;Media;Bloqueado;Antivirus;Guayaquil
193;09-11-20;Confiable;N/A;Baja;Permitido;Firewall;Cuenca
194;11-11-20;Malware;Exploit;Alta;Bloqueado;Sistema;Loja
195;13-11-20;PUP;Portable;Media;Bloqueado;Antivirus;Riobamba
196;15-11-20;Archivo_No_Disponible;N/A;Baja;Permitido;Firewall;Quito
197;17-11-20;Posible_PUP;Adware;Baja;Cuarentena;Sistema;Guayaquil
198;19-11-20;Malware;Adware;Media;Bloqueado;Antivirus;Cuenca
199;21-11-20;Confiable;N/A;Baja;Permitido;Firewall;Loja
200;23-11-20;PUP;Barra_herramientas;Media;Bloqueado;Sistema;Riobamba
201;25-11-20;Malware;Keygen;Media;Bloqueado;Antivirus;Quito
202;27-11-20;Archivo_No_Disponible;N/A;Baja;Permitido;Firewall;Guayaquil
203;29-11-20;Posible_PUP;Barra_herramientas;Baja;Cuarentena;Sistema;Cuenca
204;01-12-20;Confiable;N/A;Baja;Permitido;Antivirus;Loja
205;03-12-20;Malware;Troyano;Alta;Bloqueado;Firewall;Riobamba
206;05-12-20;PUP;Portable;Media;Bloqueado;Sistema;Quito
207;07-12-20;Archivo_No_Disponible;N/A;Baja;Permitido;Antivirus;Guayaquil
208;09-12-20;Malware;Spyware;Alta;Bloqueado;Firewall;Cuenca
209;11-12-20;Posible_PUP;Adware;Baja;Cuarentena;Sistema;Loja
210;13-12-20;PUP;Barra_herramientas;Media;Bloqueado;Antivirus;Riobamba
211;15-12-20;Confiable;N/A;Baja;Permitido;Firewall;Quito
212;17-12-20;Malware;Adware;Media;Bloqueado;Sistema;Guayaquil
213;19-12-20;Archivo_No_Disponible;N/A;Baja;Permitido;Antivirus;Cuenca
214;21-12-20;PUP;Portable;Media;Bloqueado;Firewall;Loja
215;23-12-20;Posible_PUP;Barra_herramientas;Baja;Cuarentena;Sistema;Riobamba
216;25-12-20;Malware;Exploit;Alta;Bloqueado;Antivirus;Quito
217;27-12-20;Confiable;N/A;Baja;Permitido;Firewall;Guayaquil
218;29-12-20;PUP;Barra_herramientas;Media;Bloqueado;Sistema;Cuenca
219;31-12-20;Archivo_No_Disponible;N/A;Baja;Permitido;Antivirus;Loja
220;02-01-21;Malware;Troyano;Alta;Bloqueado;Firewall;Riobamba
221;04-01-21;Posible_PUP;Adware;Baja;Cuarentena;Sistema;Quito
222;06-01-21;PUP;Portable;Media;Bloqueado;Antivirus;Guayaquil
223;08-01-21;Confiable;N/A;Baja;Permitido;Firewall;Cuenca
224;10-01-21;Malware;Spyware;Alta;Bloqueado;Sistema;Loja
225;12-01-21;Archivo_No_Disponible;N/A;Baja;Permitido;Antivirus;Riobamba
226;14-01-21;PUP;Barra_herramientas;Media;Bloqueado;Firewall;Quito
227;16-01-21;Posible_PUP;Barra_herramientas;Baja;Cuarentena;Sistema;Guayaquil
228;18-01-21;Malware;Keygen;Media;Bloqueado;Antivirus;Cuenca
229;20-01-21;Confiable;N/A;Baja;Permitido;Firewall;Loja
230;22-01-21;PUP;Portable;Media;Bloqueado;Sistema;Riobamba
231;24-01-21;Malware;Adware;Media;Bloqueado;Antivirus;Quito
232;26-01-21;Archivo_No_Disponible;N/A;Baja;Permitido;Firewall;Guayaquil
233;28-01-21;Posible_PUP;Adware;Baja;Cuarentena;Sistema;Cuenca
234;30-01-21;Confiable;N/A;Baja;Permitido;Antivirus;Loja
235;01-02-21;Malware;Troyano;Alta;Bloqueado;Firewall;Riobamba
236;03-02-21;PUP;Barra_herramientas;Media;Bloqueado;Sistema;Quito
237;05-02-21;Archivo_No_Disponible;N/A;Baja;Permitido;Antivirus;Guayaquil
238;07-02-21;Posible_PUP;Barra_herramientas;Baja;Cuarentena;Firewall;Cuenca
239;09-02-21;Confiable;N/A;Baja;Permitido;Sistema;Loja
240;11-02-21;Malware;Exploit;Alta;Bloqueado;Antivirus;Riobamba
241;13-02-21;PUP;Portable;Media;Bloqueado;Firewall;Quito
242;15-02-21;Archivo_No_Disponible;N/A;Baja;Permitido;Sistema;Guayaquil
243;17-02-21;Posible_PUP;Adware;Baja;Cuarentena;Antivirus;Cuenca
244;19-02-21;Malware;Spyware;Alta;Bloqueado;Firewall;Loja
245;21-02-21;Confiable;N/A;Baja;Permitido;Sistema;Riobamba
246;23-02-21;PUP;Barra_herramientas;Media;Bloqueado;Antivirus;Quito
247;25-02-21;Malware;Adware;Media;Bloqueado;Firewall;Guayaquil
248;27-02-21;Archivo_No_Disponible;N/A;Baja;Permitido;Sistema;Cuenca
249;01-03-21;Posible_PUP;Barra_herramientas;Baja;Cuarentena;Antivirus;Loja
250;03-03-21;Confiable;N/A;Baja;Permitido;Firewall;Riobamba
251;05-03-21;Malware;Troyano;Alta;Bloqueado;Sistema;Quito
252;07-03-21;PUP;Portable;Media;Bloqueado;Antivirus;Guayaquil
253;09-03-21;Archivo_No_Disponible;N/A;Baja;Permitido;Firewall;Cuenca
254;11-03-21;Malware;Keygen;Media;Bloqueado;Sistema;Loja
255;13-03-21;Posible_PUP;Adware;Baja;Cuarentena;Antivirus;Riobamba
256;15-03-21;Confiable;N/A;Baja;Permitido;Firewall;Quito
257;17-03-21;PUP;Barra_herramientas;Media;Bloqueado;Sistema;Guayaquil
258;19-03-21;Malware;Spyware;Alta;Bloqueado;Antivirus;Cuenca
259;21-03-21;Archivo_No_Disponible;N/A;Baja;Permitido;Firewall;Loja
260;23-03-21;Posible_PUP;Barra_herramientas;Baja;Cuarentena;Sistema;Riobamba
261;25-03-21;Confiable;N/A;Baja;Permitido;Antivirus;Quito
262;27-03-21;PUP;Portable;Media;Bloqueado;Firewall;Guayaquil
263;29-03-21;Malware;Adware;Media;Bloqueado;Sistema;Cuenca
264;31-03-21;Archivo_No_Disponible;N/A;Baja;Permitido;Antivirus;Loja
265;02-04-21;Posible_PUP;Adware;Baja;Cuarentena;Firewall;Riobamba
266;04-04-21;Confiable;N/A;Baja;Permitido;Sistema;Quito
267;06-04-21;Malware;Troyano;Alta;Bloqueado;Antivirus;Guayaquil
268;08-04-21;PUP;Barra_herramientas;Media;Bloqueado;Firewall;Cuenca
269;10-04-21;Archivo_No_Disponible;N/A;Baja;Permitido;Sistema;Loja
270;12-04-21;Malware;Exploit;Alta;Bloqueado;Antivirus;Riobamba
271;14-04-21;Posible_PUP;Barra_herramientas;Baja;Cuarentena;Firewall;Quito
272;16-04-21;PUP;Portable;Media;Bloqueado;Sistema;Guayaquil
273;18-04-21;Confiable;N/A;Baja;Permitido;Antivirus;Cuenca
274;20-04-21;Malware;Spyware;Alta;Bloqueado;Firewall;Loja
275;22-04-21;Archivo_No_Disponible;N/A;Baja;Permitido;Sistema;Riobamba
276;24-04-21;PUP;Barra_herramientas;Media;Bloqueado;Antivirus;Quito
277;26-04-21;Posible_PUP;Adware;Baja;Cuarentena;Firewall;Guayaquil
278;28-04-21;Confiable;N/A;Baja;Permitido;Sistema;Cuenca
279;30-04-21;Malware;Keygen;Media;Bloqueado;Antivirus;Loja
280;02-05-21;Archivo_No_Disponible;N/A;Baja;Permitido;Firewall;Riobamba
281;04-05-21;PUP;Portable;Media;Bloqueado;Sistema;Quito
282;06-05-21;Posible_PUP;Barra_herramientas;Baja;Cuarentena;Antivirus;Guayaquil
283;08-05-21;Malware;Troyano;Alta;Bloqueado;Firewall;Cuenca
284;10-05-21;Confiable;N/A;Baja;Permitido;Sistema;Loja
285;12-05-21;PUP;Barra_herramientas;Media;Bloqueado;Antivirus;Riobamba
286;14-05-21;Archivo_No_Disponible;N/A;Baja;Permitido;Firewall;Quito
287;16-05-21;Malware;Adware;Media;Bloqueado;Sistema;Guayaquil
288;18-05-21;Posible_PUP;Adware;Baja;Cuarentena;Antivirus;Cuenca
289;20-05-21;Confiable;N/A;Baja;Permitido;Firewall;Loja
290;22-05-21;PUP;Portable;Media;Bloqueado;Sistema;Riobamba
291;24-05-21;Malware;Spyware;Alta;Bloqueado;Antivirus;Quito
292;26-05-21;Archivo_No_Disponible;N/A;Baja;Permitido;Firewall;Guayaquil
293;28-05-21;Posible_PUP;Barra_herramientas;Baja;Cuarentena;Sistema;Cuenca
294;30-05-21;Confiable;N/A;Baja;Permitido;Antivirus;Loja
295;01-06-21;Malware;Troyano;Alta;Bloqueado;Firewall;Riobamba
296;03-06-21;PUP;Barra_herramientas;Media;Bloqueado;Sistema;Quito
297;05-06-21;Archivo_No_Disponible;N/A;Baja;Permitido;Antivirus;Guayaquil
298;07-06-21;Posible_PUP;Adware;Baja;Cuarentena;Firewall;Cuenca
299;09-06-21;Confiable;N/A;Baja;Permitido;Sistema;Loja
300;11-06-21;Malware;Exploit;Alta;Bloqueado;Antivirus;Riobamba
301;13-06-21;PUP;Portable;Media;Bloqueado;Firewall;Quito
302;15-06-21;Archivo_No_Disponible;N/A;Baja;Permitido;Sistema;Guayaquil
303;17-06-21;Posible_PUP;Barra_herramientas;Baja;Cuarentena;Antivirus;Cuenca
304;19-06-21;Confiable;N/A;Baja;Permitido;Firewall;Loja
305;21-06-21;Malware;Keygen;Media;Bloqueado;Sistema;Riobamba
306;23-06-21;PUP;Barra_herramientas;Media;Bloqueado;Antivirus;Quito
307;25-06-21;Archivo_No_Disponible;N/A;Baja;Permitido;Firewall;Guayaquil
308;27-06-21;Posible_PUP;Adware;Baja;Cuarentena;Sistema;Cuenca
309;29-06-21;Malware;Spyware;Alta;Bloqueado;Antivirus;Loja
310;01-07-21;Confiable;N/A;Baja;Permitido;Firewall;Riobamba
311;03-07-21;PUP;Portable;Media;Bloqueado;Sistema;Quito
312;05-07-21;Malware;Adware;Media;Bloqueado;Antivirus;Guayaquil
313;07-07-21;Archivo_No_Disponible;N/A;Baja;Permitido;Firewall;Cuenca
314;09-07-21;Posible_PUP;Barra_herramientas;Baja;Cuarentena;Sistema;Loja
315;11-07-21;Confiable;N/A;Baja;Permitido;Antivirus;Riobamba
316;13-07-21;Malware;Troyano;Alta;Bloqueado;Firewall;Quito
317;15-07-21;PUP;Barra_herramientas;Media;Bloqueado;Sistema;Guayaquil
318;17-07-21;Archivo_No_Disponible;N/A;Baja;Permitido;Antivirus;Cuenca
319;19-07-21;Posible_PUP;Adware;Baja;Cuarentena;Firewall;Loja
320;21-07-21;Confiable;N/A;Baja;Permitido;Sistema;Riobamba
321;23-07-21;Malware;Exploit;Alta;Bloqueado;Antivirus;Quito
322;25-07-21;PUP;Portable;Media;Bloqueado;Firewall;Guayaquil
323;27-07-21;Archivo_No_Disponible;N/A;Baja;Permitido;Sistema;Cuenca
324;29-07-21;Posible_PUP;Barra_herramientas;Baja;Cuarentena;Antivirus;Loja
325;31-07-21;Confiable;N/A;Baja;Permitido;Firewall;Riobamba
326;02-08-21;Malware;Spyware;Alta;Bloqueado;Sistema;Quito
327;04-08-21;PUP;Barra_herramientas;Media;Bloqueado;Antivirus;Guayaquil
328;06-08-21;Archivo_No_Disponible;N/A;Baja;Permitido;Firewall;Cuenca
329;08-08-21;Posible_PUP;Adware;Baja;Cuarentena;Sistema;Loja
330;10-08-21;Malware;Keygen;Media;Bloqueado;Antivirus;Riobamba
331;12-08-21;Confiable;N/A;Baja;Permitido;Firewall;Quito
332;14-08-21;PUP;Portable;Media;Bloqueado;Sistema;Guayaquil
333;16-08-21;Malware;Troyano;Alta;Bloqueado;Antivirus;Cuenca
334;18-08-21;Archivo_No_Disponible;N/A;Baja;Permitido;Firewall;Loja
335;20-08-21;Posible_PUP;Barra_herramientas;Baja;Cuarentena;Sistema;Riobamba
336;22-08-21;Confiable;N/A;Baja;Permitido;Antivirus;Quito
337;24-08-21;PUP;Barra_herramientas;Media;Bloqueado;Firewall;Guayaquil
338;26-08-21;Malware;Adware;Media;Bloqueado;Sistema;Cuenca
339;28-08-21;Archivo_No_Disponible;N/A;Baja;Permitido;Antivirus;Loja
340;30-08-21;Posible_PUP;Adware;Baja;Cuarentena;Firewall;Riobamba
341;01-09-21;Confiable;N/A;Baja;Permitido;Sistema;Quito
342;03-09-21;Malware;Spyware;Alta;Bloqueado;Antivirus;Guayaquil
343;05-09-21;PUP;Portable;Media;Bloqueado;Firewall;Cuenca
344;07-09-21;Archivo_No_Disponible;N/A;Baja;Permitido;Sistema;Loja
345;09-09-21;Posible_PUP;Barra_herramientas;Baja;Cuarentena;Antivirus;Riobamba
346;11-09-21;Malware;Troyano;Alta;Bloqueado;Firewall;Quito
347;13-09-21;Confiable;N/A;Baja;Permitido;Sistema;Guayaquil
348;15-09-21;PUP;Barra_herramientas;Media;Bloqueado;Antivirus;Cuenca
349;17-09-21;Archivo_No_Disponible;N/A;Baja;Permitido;Firewall;Loja
350;19-09-21;Posible_PUP;Adware;Baja;Cuarentena;Sistema;Riobamba
351;21-09-21;Malware;Exploit;Alta;Bloqueado;Antivirus;Quito
352;23-09-21;Confiable;N/A;Baja;Permitido;Firewall;Guayaquil
353;25-09-21;PUP;Portable;Media;Bloqueado;Sistema;Cuenca
354;27-09-21;Archivo_No_Disponible;N/A;Baja;Permitido;Antivirus;Loja
355;29-09-21;Posible_PUP;Barra_herramientas;Baja;Cuarentena;Firewall;Riobamba
356;01-10-21;Confiable;N/A;Baja;Permitido;Sistema;Quito
357;03-10-21;Malware;Keygen;Media;Bloqueado;Antivirus;Guayaquil
358;05-10-21;PUP;Barra_herramientas;Media;Bloqueado;Firewall;Cuenca
359;07-10-21;Archivo_No_Disponible;N/A;Baja;Permitido;Sistema;Loja
360;09-10-21;Posible_PUP;Adware;Baja;Cuarentena;Antivirus;Riobamba
361;11-10-21;Malware;Troyano;Alta;Bloqueado;Firewall;Quito
362;13-10-21;Confiable;N/A;Baja;Permitido;Sistema;Guayaquil
363;15-10-21;PUP;Portable;Media;Bloqueado;Antivirus;Cuenca
364;17-10-21;Archivo_No_Disponible;N/A;Baja;Permitido;Firewall;Loja
365;19-10-21;Posible_PUP;Barra_herramientas;Baja;Cuarentena;Sistema;Riobamba
366;21-10-21;Malware;Spyware;Alta;Bloqueado;Antivirus;Quito
367;23-10-21;Confiable;N/A;Baja;Permitido;Firewall;Guayaquil
368;25-10-21;PUP;Barra_herramientas;Media;Bloqueado;Sistema;Cuenca
369;27-10-21;Archivo_No_Disponible;N/A;Baja;Permitido;Antivirus;Loja
370;29-10-21;Posible_PUP;Adware;Baja;Cuarentena;Firewall;Riobamba
371;31-10-21;Confiable;N/A;Baja;Permitido;Sistema;Quito
372;02-11-21;Malware;Adware;Media;Bloqueado;Antivirus;Guayaquil
373;04-11-21;PUP;Portable;Media;Bloqueado;Firewall;Cuenca
374;06-11-21;Archivo_No_Disponible;N/A;Baja;Permitido;Sistema;Loja
375;08-11-21;Posible_PUP;Barra_herramientas;Baja;Cuarentena;Antivirus;Riobamba
376;10-11-21;Malware;Troyano;Alta;Bloqueado;Firewall;Quito
377;12-11-21;Confiable;N/A;Baja;Permitido;Sistema;Guayaquil
378;14-11-21;PUP;Barra_herramientas;Media;Bloqueado;Antivirus;Cuenca
379;16-11-21;Archivo_No_Disponible;N/A;Baja;Permitido;Firewall;Loja
380;18-11-21;Posible_PUP;Adware;Baja;Cuarentena;Sistema;Riobamba
381;20-11-21;Malware;Exploit;Alta;Bloqueado;Antivirus;Quito
382;22-11-21;Confiable;N/A;Baja;Permitido;Firewall;Guayaquil
383;24-11-21;PUP;Portable;Media;Bloqueado;Sistema;Cuenca
384;26-11-21;Archivo_No_Disponible;N/A;Baja;Permitido;Antivirus;Loja
385;28-11-21;Posible_PUP;Barra_herramientas;Baja;Cuarentena;Firewall;Riobamba
386;30-11-21;Confiable;N/A;Baja;Permitido;Sistema;Quito
387;02-12-21;Malware;Keygen;Media;Bloqueado;Antivirus;Guayaquil
388;04-12-21;PUP;Barra_herramientas;Media;Bloqueado;Firewall;Cuenca
389;06-12-21;Archivo_No_Disponible;N/A;Baja;Permitido;Sistema;Loja
390;08-12-21;Posible_PUP;Adware;Baja;Cuarentena;Antivirus;Riobamba
391;10-12-21;Malware;Spyware;Alta;Bloqueado;Firewall;Quito
392;12-12-21;Confiable;N/A;Baja;Permitido;Sistema;Guayaquil
393;14-12-21;PUP;Portable;Media;Bloqueado;Antivirus;Cuenca
394;16-12-21;Archivo_No_Disponible;N/A;Baja;Permitido;Firewall;Loja
395;18-12-21;Posible_PUP;Barra_herramientas;Baja;Cuarentena;Sistema;Riobamba
396;20-12-21;Malware;Troyano;Alta;Bloqueado;Antivirus;Quito
397;22-12-21;Confiable;N/A;Baja;Permitido;Firewall;Guayaquil
398;24-12-21;PUP;Barra_herramientas;Media;Bloqueado;Sistema;Cuenca
399;26-12-21;Archivo_No_Disponible;N/A;Baja;Permitido;Antivirus;Loja
400;28-12-21;Posible_PUP;Adware;Baja;Cuarentena;Firewall;Riobamba
401;30-12-21;Confiable;N/A;Baja;Permitido;Sistema;Quito
402;15-01-20;Malware;Ransomware;Critica;Bloqueado;Antivirus;Guayaquil
403;20-02-20;Malware;Ransomware;Critica;Bloqueado;Firewall;Cuenca
404;25-03-20;Malware;Ransomware;Critica;Bloqueado;Sistema;Loja
405;10-05-20;Malware;Ransomware;Critica;Bloqueado;Antivirus;Riobamba
406;15-07-20;Malware;Ransomware;Critica;Bloqueado;Firewall;Quito
407;20-09-20;Malware;Ransomware;Critica;Bloqueado;Sistema;Guayaquil
408;25-11-20;Malware;Ransomware;Critica;Bloqueado;Antivirus;Cuenca
409;30-01-21;Malware;Ransomware;Critica;Bloqueado;Firewall;Loja
410;05-04-21;Malware;Ransomware;Critica;Bloqueado;Sistema;Riobamba
411;10-06-21;Malware;Ransomware;Critica;Bloqueado;Antivirus;Quito
412;15-08-21;Malware;Ransomware;Critica;Bloqueado;Firewall;Guayaquil
413;20-10-21;Malware;Ransomware;Critica;Bloqueado;Sistema;Cuenca
414;20-01-20;Malware;Gusano;Alta;Bloqueado;Antivirus;Loja
415;15-03-20;Malware;Gusano;Alta;Bloqueado;Firewall;Riobamba
416;10-05-20;Malware;Gusano;Alta;Bloqueado;Sistema;Quito
417;05-07-20;Malware;Gusano;Alta;Bloqueado;Antivirus;Guayaquil
418;01-09-20;Malware;Gusano;Alta;Bloqueado;Firewall;Cuenca
419;15-11-20;Malware;Gusano;Alta;Bloqueado;Sistema;Loja
420;20-01-21;Malware;Gusano;Alta;Bloqueado;Antivirus;Riobamba
421;25-03-21;Malware;Gusano;Alta;Bloqueado;Firewall;Quito
422;01-06-21;Malware;Gusano;Alta;Bloqueado;Sistema;Guayaquil
423;10-08-21;Malware;Gusano;Alta;Bloqueado;Antivirus;Cuenca
424;15-10-21;Malware;Gusano;Alta;Bloqueado;Firewall;Loja
425;20-12-21;Malware;Gusano;Alta;Bloqueado;Sistema;Riobamba
426;14-02-20;Malware;Falsa_Alerta_Antivirus;Media;Bloqueado;Antivirus;Quito
427;20-04-20;Malware;Falsa_Alerta_Antivirus;Media;Bloqueado;Firewall;Guayaquil
428;25-06-20;Malware;Falsa_Alerta_Antivirus;Media;Bloqueado;Sistema;Cuenca
429;30-08-20;Malware;Falsa_Alerta_Antivirus;Media;Bloqueado;Antivirus;Loja
430;15-10-20;Malware;Falsa_Alerta_Antivirus;Media;Bloqueado;Firewall;Riobamba
431;20-12-20;Malware;Falsa_Alerta_Antivirus;Media;Bloqueado;Sistema;Quito
432;25-02-21;Malware;Falsa_Alerta_Antivirus;Media;Bloqueado;Antivirus;Guayaquil
433;01-05-21;Malware;Falsa_Alerta_Antivirus;Media;Bloqueado;Firewall;Cuenca
434;10-07-21;Malware;Falsa_Alerta_Antivirus;Media;Bloqueado;Sistema;Loja
435;15-09-21;Malware;Falsa_Alerta_Antivirus;Media;Bloqueado;Antivirus;Riobamba
436;20-11-21;Malware;Falsa_Alerta_Antivirus;Media;Bloqueado;Firewall;Quito
437;10-08-19;PUP;Falsa_Alerta_Antivirus;Media;Bloqueado;Sistema;Guayaquil
438;15-10-19;PUP;Falsa_Alerta_Antivirus;Media;Bloqueado;Antivirus;Cuenca
439;20-12-19;PUP;Falsa_Alerta_Antivirus;Media;Bloqueado;Firewall;Loja
440;25-02-20;PUP;Falsa_Alerta_Antivirus;Media;Bloqueado;Sistema;Riobamba
441;30-04-20;PUP;Falsa_Alerta_Antivirus;Media;Bloqueado;Antivirus;Quito
442;05-07-20;PUP;Falsa_Alerta_Antivirus;Media;Bloqueado;Firewall;Guayaquil
443;10-09-20;PUP;Falsa_Alerta_Antivirus;Media;Bloqueado;Sistema;Cuenca
444;15-11-20;PUP;Falsa_Alerta_Antivirus;Media;Bloqueado;Antivirus;Loja
445;20-01-21;PUP;Falsa_Alerta_Antivirus;Media;Bloqueado;Firewall;Riobamba
446;25-03-21;PUP;Falsa_Alerta_Antivirus;Media;Bloqueado;Sistema;Quito
447;01-06-21;PUP;Falsa_Alerta_Antivirus;Media;Bloqueado;Antivirus;Guayaquil
448;10-08-21;PUP;Falsa_Alerta_Antivirus;Media;Bloqueado;Firewall;Cuenca
449;15-10-21;PUP;Falsa_Alerta_Antivirus;Media;Bloqueado;Sistema;Loja
450;20-12-21;PUP;Falsa_Alerta_Antivirus;Media;Bloqueado;Antivirus;Riobamba
451;05-09-19;No_Clasificado;N/A;Baja;Permitido;Sistema;Quito
452;10-11-19;No_Clasificado;N/A;Baja;Permitido;Antivirus;Guayaquil
453;15-01-20;No_Clasificado;N/A;Baja;Permitido;Firewall;Cuenca
454;20-03-20;No_Clasificado;N/A;Baja;Permitido;Sistema;Loja
455;25-05-20;No_Clasificado;N/A;Baja;Permitido;Antivirus;Riobamba
456;30-07-20;No_Clasificado;N/A;Baja;Permitido;Firewall;Quito
457;05-10-20;No_Clasificado;N/A;Baja;Permitido;Sistema;Guayaquil
458;10-12-20;No_Clasificado;N/A;Baja;Permitido;Antivirus;Cuenca
459;15-02-21;No_Clasificado;N/A;Baja;Permitido;Firewall;Loja
460;20-04-21;No_Clasificado;N/A;Baja;Permitido;Sistema;Riobamba
461;25-06-21;No_Clasificado;N/A;Baja;Permitido;Antivirus;Quito
462;30-08-21;No_Clasificado;N/A;Baja;Permitido;Firewall;Guayaquil
463;05-11-21;No_Clasificado;N/A;Baja;Permitido;Sistema;Cuenca
464;25-01-20;Posible_PUP;Gusano;Baja;Cuarentena;Antivirus;Loja
465;10-04-20;Posible_PUP;Gusano;Baja;Cuarentena;Firewall;Riobamba
466;15-07-20;Posible_PUP;Gusano;Baja;Cuarentena;Sistema;Quito
467;20-10-20;Posible_PUP;Gusano;Baja;Cuarentena;Antivirus;Guayaquil
468;25-01-21;Posible_PUP;Gusano;Baja;Cuarentena;Firewall;Cuenca
469;30-04-21;Posible_PUP;Gusano;Baja;Cuarentena;Sistema;Loja
470;05-08-21;Posible_PUP;Gusano;Baja;Cuarentena;Antivirus;Riobamba
471;10-11-21;Posible_PUP;Gusano;Baja;Cuarentena;Firewall;Quito
472;28-02-20;PUP;Gusano;Media;Bloqueado;Sistema;Guayaquil
473;15-05-20;PUP;Gusano;Media;Bloqueado;Antivirus;Cuenca
474;20-08-20;PUP;Gusano;Media;Bloqueado;Firewall;Loja
475;25-11-20;PUP;Gusano;Media;Bloqueado;Sistema;Riobamba
476;01-03-21;PUP;Gusano;Media;Bloqueado;Antivirus;Quito
477;05-06-21;PUP;Gusano;Media;Bloqueado;Firewall;Guayaquil
478;10-09-21;PUP;Gusano;Media;Bloqueado;Sistema;Cuenca
479;15-12-21;PUP;Gusano;Media;Bloqueado;Antivirus;Loja
480;20-10-19;Archivo_No_Disponible;N/A;Baja;Permitido;Firewall;Riobamba
481;05-01-20;Archivo_No_Disponible;N/A;Baja;Permitido;Sistema;Quito
482;10-04-20;Archivo_No_Disponible;N/A;Baja;Permitido;Antivirus;Guayaquil
483;15-07-20;Archivo_No_Disponible;N/A;Baja;Permitido;Firewall;Cuenca
484;20-10-20;Archivo_No_Disponible;N/A;Baja;Permitido;Sistema;Loja
485;25-01-21;Archivo_No_Disponible;N/A;Baja;Permitido;Antivirus;Riobamba
486;30-04-21;Archivo_No_Disponible;N/A;Baja;Permitido;Firewall;Quito
487;05-08-21;Archivo_No_Disponible;N/A;Baja;Permitido;Sistema;Guayaquil
488;10-11-21;Archivo_No_Disponible;N/A;Baja;Permitido;Antivirus;Cuenca
489;08-03-20;Confiable;N/A;Baja;Permitido;Firewall;Loja
490;12-06-20;Confiable;N/A;Baja;Permitido;Sistema;Riobamba
491;16-09-20;Confiable;N/A;Baja;Permitido;Antivirus;Quito
492;20-12-20;Confiable;N/A;Baja;Permitido;Firewall;Guayaquil
493;25-03-21;Confiable;N/A;Baja;Permitido;Sistema;Cuenca
494;28-06-21;Confiable;N/A;Baja;Permitido;Antivirus;Loja
495;01-10-21;Confiable;N/A;Baja;Permitido;Firewall;Riobamba
496;05-12-21;Confiable;N/A;Baja;Permitido;Sistema;Quito
497;18-05-20;Malware;Portable;Media;Bloqueado;Antivirus;Guayaquil
498;22-08-20;Malware;Portable;Media;Bloqueado;Firewall;Cuenca
499;14-02-21;Malware;Portable;Media;Bloqueado;Sistema;Loja
500;19-07-21;Malware;Portable;Media;Bloqueado;Antivirus;Riobamba
